{
  "friedman_stat": 52.015604539502284,
  "friedman_p": 1.3394508257270311e-06,
  "friedman_significant": true,
  "avg_ranks": {
    "COPOD": 8.571428571428571,
    "DeepSVDD": 9.928571428571429,
    "HBOS": 7.976190476190476,
    "INNE": 5.428571428571429,
    "IsolationForest": 6.309523809523809,
    "KNN": 7.5476190476190474,
    "LOF": 9.404761904761905,
    "LSCP": 7.309523809523809,
    "LUNAR": 8.761904761904763,
    "MCD": 6.119047619047619,
    "PCA": 9.30952380952381,
    "VAE": 8.952380952380953,
    "Ensemble-EM": 5.0476190476190474,
    "Ensemble-Equal": 4.333333333333333
  },
  "n_datasets": 21,
  "n_methods": 14,
  "alpha": 0.05,
  "nemenyi_pvalues": {
    "COPOD": {
      "COPOD": 1.0,
      "DeepSVDD": 0.9988776085793676,
      "HBOS": 0.9999999280521565,
      "INNE": 0.45479486559553983,
      "IsolationForest": 0.8970237876085727,
      "KNN": 0.9999497677557807,
      "LOF": 0.999995542053108,
      "LSCP": 0.9994816276520517,
      "LUNAR": 0.9999999999999665,
      "MCD": 0.8272340465876943,
      "PCA": 0.9999989741134601,
      "VAE": 0.9999999997463693,
      "Ensemble-EM": 0.2617542203276535,
      "Ensemble-Equal": 0.062209708978502753
    },
    "DeepSVDD": {
      "COPOD": 0.9988776085793676,
      "DeepSVDD": 1.0,
      "HBOS": 0.9657735663859192,
      "INNE": 0.03262416309195404,
      "IsolationForest": 0.22253447122834524,
      "KNN": 0.8559061777260072,
      "LOF": 0.9999999855199092,
      "LSCP": 0.749727478375831,
      "LUNAR": 0.9997801753355162,
      "MCD": 0.15642155111966916,
      "PCA": 0.9999998827116883,
      "VAE": 0.9999710502052921,
      "Ensemble-EM": 0.011517404523775476,
      "Ensemble-Equal": 0.0012124091829590622
    },
    "HBOS": {
      "COPOD": 0.9999999280521565,
      "DeepSVDD": 0.9657735663859192,
      "HBOS": 1.0,
      "INNE": 0.7846349422546146,
      "IsolationForest": 0.9914078404329432,
      "KNN": 0.9999999988602071,
      "LOF": 0.9980936162910368,
      "LSCP": 0.9999997060898963,
      "LUNAR": 0.9999978062591307,
      "MCD": 0.9774347424625903,
      "PCA": 0.9990678637938547,
      "VAE": 0.9999710502052921,
      "Ensemble-EM": 0.5785959255346699,
      "Ensemble-Equal": 0.21337089147579402
    },
    "INNE": {
      "COPOD": 0.45479486559553983,
      "DeepSVDD": 0.03262416309195404,
      "HBOS": 0.7846349422546146,
      "INNE": 1.0,
      "IsolationForest": 0.9999913449219956,
      "KNN": 0.9352651279836177,
      "LOF": 0.11156386187591005,
      "LSCP": 0.9748613365190192,
      "LUNAR": 0.3518791560007708,
      "MCD": 0.999999547006503,
      "PCA": 0.13577776751487325,
      "VAE": 0.2617542203276535,
      "Ensemble-EM": 0.9999999997463693,
      "Ensemble-Equal": 0.9998916108089986
    },
    "IsolationForest": {
      "COPOD": 0.8970237876085727,
      "DeepSVDD": 0.22253447122834524,
      "HBOS": 0.9914078404329432,
      "INNE": 0.9999913449219956,
      "IsolationForest": 1.0,
      "KNN": 0.9995781344661119,
      "LOF": 0.48190313128201245,
      "LSCP": 0.9999617107325205,
      "LUNAR": 0.8272340465876946,
      "MCD": 0.9999999999999665,
      "PCA": 0.5370016383294209,
      "VAE": 0.7375901244355337,
      "Ensemble-EM": 0.9994816276520517,
      "Ensemble-Equal": 0.9622524011860973
    },
    "KNN": {
      "COPOD": 0.9999497677557807,
      "DeepSVDD": 0.8559061777260072,
      "HBOS": 0.9999999988602071,
      "INNE": 0.9352651279836177,
      "IsolationForest": 0.9995781344661119,
      "KNN": 1.0,
      "LOF": 0.9774347424625903,
      "LSCP": 0.9999999999993987,
      "LUNAR": 0.9996585597341097,
      "MCD": 0.9980936162910368,
      "PCA": 0.9857448150038306,
      "VAE": 0.998395095068774,
      "Ensemble-EM": 0.8065323176802572,
      "Ensemble-Equal": 0.4150107334813514
    },
    "LOF": {
      "COPOD": 0.999995542053108,
      "DeepSVDD": 0.9999999855199092,
      "HBOS": 0.9980936162910368,
      "INNE": 0.11156386187591005,
      "IsolationForest": 0.48190313128201245,
      "KNN": 0.9774347424625903,
      "LOF": 1.0,
      "LSCP": 0.9405051696202087,
      "LUNAR": 0.9999998125938332,
      "MCD": 0.37658823409003594,
      "PCA": 1.0,
      "VAE": 0.99999999773346,
      "Ensemble-EM": 0.04673557850548371,
      "Ensemble-Equal": 0.006555739803274951
    },
    "LSCP": {
      "COPOD": 0.9994816276520517,
      "DeepSVDD": 0.749727478375831,
      "HBOS": 0.9999997060898963,
      "INNE": 0.9748613365190192,
      "IsolationForest": 0.9999617107325205,
      "KNN": 0.9999999999993987,
      "LOF": 0.9405051696202087,
      "LSCP": 1.0,
      "LUNAR": 0.9977451399031535,
      "MCD": 0.9997252239580445,
      "PCA": 0.9584678870592392,
      "VAE": 0.9924889093898068,
      "Ensemble-EM": 0.8970237876085724,
      "Ensemble-Equal": 0.5508682522732888
    },
    "LUNAR": {
      "COPOD": 0.9999999999999665,
      "DeepSVDD": 0.9997801753355162,
      "HBOS": 0.9999978062591307,
      "INNE": 0.3518791560007708,
      "IsolationForest": 0.8272340465876946,
      "KNN": 0.9996585597341097,
      "LOF": 0.9999998125938332,
      "LSCP": 0.9977451399031535,
      "LUNAR": 1.0,
      "MCD": 0.7375901244355332,
      "PCA": 0.9999999746721528,
      "VAE": 0.9999999999999665,
      "Ensemble-EM": 0.18742936795461163,
      "Ensemble-Equal": 0.03913287384702313
    },
    "MCD": {
      "COPOD": 0.8272340465876943,
      "DeepSVDD": 0.15642155111966916,
      "HBOS": 0.9774347424625903,
      "INNE": 0.999999547006503,
      "IsolationForest": 0.9999999999999665,
      "KNN": 0.9980936162910368,
      "LOF": 0.37658823409003594,
      "LSCP": 0.9997252239580445,
      "LUNAR": 0.7375901244355332,
      "MCD": 1.0,
      "PCA": 0.42813708775430637,
      "VAE": 0.6335475633398306,
      "Ensemble-EM": 0.9999155105923606,
      "Ensemble-Equal": 0.983942586599539
    },
    "PCA": {
      "COPOD": 0.9999989741134601,
      "DeepSVDD": 0.9999998827116883,
      "HBOS": 0.9990678637938547,
      "INNE": 0.13577776751487325,
      "IsolationForest": 0.5370016383294209,
      "KNN": 0.9857448150038306,
      "LOF": 1.0,
      "LSCP": 0.9584678870592392,
      "LUNAR": 0.9999999746721528,
      "MCD": 0.42813708775430637,
      "PCA": 1.0,
      "VAE": 0.9999999998889628,
      "Ensemble-EM": 0.05881004761877673,
      "Ensemble-Equal": 0.008719546849323523
    },
    "VAE": {
      "COPOD": 0.9999999997463693,
      "DeepSVDD": 0.9999710502052921,
      "HBOS": 0.9999710502052921,
      "INNE": 0.2617542203276535,
      "IsolationForest": 0.7375901244355337,
      "KNN": 0.998395095068774,
      "LOF": 0.99999999773346,
      "LSCP": 0.9924889093898068,
      "LUNAR": 0.9999999999999665,
      "MCD": 0.6335475633398306,
      "PCA": 0.9999999998889628,
      "VAE": 1.0,
      "Ensemble-EM": 0.12937740085245486,
      "Ensemble-Equal": 0.023863569112019145
    },
    "Ensemble-EM": {
      "COPOD": 0.2617542203276535,
      "DeepSVDD": 0.011517404523775476,
      "HBOS": 0.5785959255346699,
      "INNE": 0.9999999997463693,
      "IsolationForest": 0.9994816276520517,
      "KNN": 0.8065323176802572,
      "LOF": 0.04673557850548371,
      "LSCP": 0.8970237876085724,
      "LUNAR": 0.18742936795461163,
      "MCD": 0.9999155105923606,
      "PCA": 0.05881004761877673,
      "VAE": 0.12937740085245486,
      "Ensemble-EM": 1.0,
      "Ensemble-Equal": 0.9999993130798634
    },
    "Ensemble-Equal": {
      "COPOD": 0.062209708978502753,
      "DeepSVDD": 0.0012124091829590622,
      "HBOS": 0.21337089147579402,
      "INNE": 0.9998916108089986,
      "IsolationForest": 0.9622524011860973,
      "KNN": 0.4150107334813514,
      "LOF": 0.006555739803274951,
      "LSCP": 0.5508682522732888,
      "LUNAR": 0.03913287384702313,
      "MCD": 0.983942586599539,
      "PCA": 0.008719546849323523,
      "VAE": 0.023863569112019145,
      "Ensemble-EM": 0.9999993130798634,
      "Ensemble-Equal": 1.0
    }
  },
  "wilcoxon": {
    "COPOD_vs_DeepSVDD": {
      "statistic": 45.0,
      "p_value": 0.13592202165385756,